/*
 Navicat Premium Data Transfer

 Source Server         : localhost
 Source Server Type    : MySQL
 Source Server Version : 50721
 Source Host           : localhost:3306
 Source Schema         : perperon_mall

 Target Server Type    : MySQL
 Target Server Version : 50721
 File Encoding         : 65001

 Date: 15/07/2024 17:51:58
*/

SET NAMES utf8mb4;
SET FOREIGN_KEY_CHECKS = 0;

-- ----------------------------
-- Table structure for pp_account
-- ----------------------------
DROP TABLE IF EXISTS `pp_account`;
CREATE TABLE `pp_account`  (
  `id` varchar(40) CHARACTER SET utf8mb4 COLLATE utf8mb4_general_ci NOT NULL COMMENT '唯一标识',
  `username` varchar(50) CHARACTER SET utf8mb4 COLLATE utf8mb4_general_ci NOT NULL COMMENT '用户名',
  `password` varchar(100) CHARACTER SET utf8mb4 COLLATE utf8mb4_general_ci NOT NULL COMMENT '密码',
  `icon` varchar(50) CHARACTER SET utf8mb4 COLLATE utf8mb4_general_ci NULL DEFAULT NULL COMMENT '头像',
  `email` varchar(50) CHARACTER SET utf8mb4 COLLATE utf8mb4_general_ci NULL DEFAULT NULL COMMENT '邮箱',
  `nick_name` varchar(50) CHARACTER SET utf8mb4 COLLATE utf8mb4_general_ci NULL DEFAULT NULL COMMENT '昵称',
  `remark` varchar(200) CHARACTER SET utf8mb4 COLLATE utf8mb4_general_ci NULL DEFAULT NULL COMMENT '注释',
  `status` bit(1) NULL DEFAULT NULL COMMENT '状态',
  `created` timestamp(0) NOT NULL DEFAULT CURRENT_TIMESTAMP COMMENT '创建时间',
  `user_id` varchar(40) CHARACTER SET utf8mb4 COLLATE utf8mb4_general_ci NULL DEFAULT NULL COMMENT '创建人',
  `login_time` datetime(0) NULL DEFAULT NULL COMMENT '登录时间',
  PRIMARY KEY (`id`) USING BTREE
) ENGINE = InnoDB CHARACTER SET = utf8mb4 COLLATE = utf8mb4_general_ci COMMENT = '用户名' ROW_FORMAT = Dynamic;

-- ----------------------------
-- Records of pp_account
-- ----------------------------
INSERT INTO `pp_account` VALUES ('16a5eba4-4256-11ef-a359-80e82cda4197', 'sss', '$2a$10$Xikjxx2nqC9/2Ni0mIXxGeb7AGBFG2bDTk73SIPci4pNU0TextnaS', NULL, 'sss@163.com', 'sss', NULL, b'1', '2024-07-15 10:58:18', 'f54963d8-15a3-11ef-a15d-d8bbc147c16b', NULL);
INSERT INTO `pp_account` VALUES ('add35497-424d-11ef-a359-80e82cda4197', 'test', '$2a$10$fm0/QC6OkUYTSWp8eeIELOiYQhYXE14.JnqsydQTl2UhKzyHN230m', NULL, 'css@163.com', '测试', NULL, b'1', '2024-07-15 09:58:06', 'f54963d8-15a3-11ef-a15d-d8bbc147c16b', NULL);
INSERT INTO `pp_account` VALUES ('d41eda32-424d-11ef-a359-80e82cda4197', 'system', '$2a$10$88qtytbBRR6hR/PM3.FHheAS6T4MvgVAbOJrB0uBzemxJtG10iqdy', NULL, '1443528055111@qq.com', '系统管理员', NULL, b'1', '2024-07-15 09:59:11', 'f54963d8-15a3-11ef-a15d-d8bbc147c16b', NULL);
INSERT INTO `pp_account` VALUES ('f520b246-2d18-11ef-b6ec-80e82cda4197', 'perperon', '$2a$10$zxc3GxyWVV7pAJuB9VN4sesQo0LTFQi.nZylHvG0P1.LDZ6AOdX8u', '/attach/20240627122306000000110.jpg', '15215015915@163.com', '杜鹏程', NULL, b'1', '2024-06-18 10:17:48', 'f54963d8-15a3-11ef-a15d-d8bbc147c16b', '2024-07-01 15:39:02');
INSERT INTO `pp_account` VALUES ('f54963d8-15a3-11ef-a15d-d8bbc147c16b', 'admin', '$2a$10$nEZLtBc7r0Ja/evkiKkRDO1zx4ElB9NeT8DRUhdX5MKli3RBa1fZW', '/attach/avatar.jpeg', '1443528055@qq.com', 'perperon', NULL, b'1', '2024-05-19 00:00:00', 'f54963d8-15a3-11ef-a15d-d8bbc147c16b', '2024-07-15 17:02:03');

-- ----------------------------
-- Table structure for pp_account_role
-- ----------------------------
DROP TABLE IF EXISTS `pp_account_role`;
CREATE TABLE `pp_account_role`  (
  `id` varchar(40) CHARACTER SET utf8mb4 COLLATE utf8mb4_general_ci NOT NULL COMMENT '主键标识',
  `account_id` varchar(40) CHARACTER SET utf8mb4 COLLATE utf8mb4_general_ci NOT NULL COMMENT '用户标识',
  `role_id` varchar(40) CHARACTER SET utf8mb4 COLLATE utf8mb4_general_ci NOT NULL COMMENT '角色标识',
  `user_id` varchar(40) CHARACTER SET utf8mb4 COLLATE utf8mb4_general_ci NULL DEFAULT NULL COMMENT '创建人',
  `created` timestamp(0) NOT NULL DEFAULT CURRENT_TIMESTAMP COMMENT '创建时间',
  PRIMARY KEY (`id`) USING BTREE
) ENGINE = InnoDB CHARACTER SET = utf8mb4 COLLATE = utf8mb4_general_ci COMMENT = '用户角色表' ROW_FORMAT = Dynamic;

-- ----------------------------
-- Records of pp_account_role
-- ----------------------------
INSERT INTO `pp_account_role` VALUES ('1', 'c70fc552-15a5-11ef-a15d-d8bbc147c16b', '1', NULL, '2024-05-20 10:37:01');
INSERT INTO `pp_account_role` VALUES ('1bdff9ed-343d-11ef-a088-80e82cda4197', 'f520b246-2d18-11ef-b6ec-80e82cda4197', '93ed1de2-2d48-11ef-b6ec-80e82cda4197', NULL, '2024-06-27 12:24:13');
INSERT INTO `pp_account_role` VALUES ('2', 'c70fc552-15a5-11ef-a15d-d8bbc147c16b', '2', NULL, '2024-05-20 10:37:12');
INSERT INTO `pp_account_role` VALUES ('bc5e7939-377b-11ef-acb1-00ff59042dc6', 'f54963d8-15a3-11ef-a15d-d8bbc147c16b', 'd8705bf2-2d47-11ef-b6ec-80e82cda4197', NULL, '2024-07-01 15:29:56');
INSERT INTO `pp_account_role` VALUES ('bc5e9257-377b-11ef-acb1-00ff59042dc6', 'f54963d8-15a3-11ef-a15d-d8bbc147c16b', '93ed1de2-2d48-11ef-b6ec-80e82cda4197', NULL, '2024-07-01 15:29:56');

-- ----------------------------
-- Table structure for pp_logs
-- ----------------------------
DROP TABLE IF EXISTS `pp_logs`;
CREATE TABLE `pp_logs`  (
  `id` varchar(40) CHARACTER SET utf8mb4 COLLATE utf8mb4_general_ci NOT NULL COMMENT '主键标识',
  `name` varchar(90) CHARACTER SET utf8mb4 COLLATE utf8mb4_general_ci NULL DEFAULT NULL COMMENT '操作名称',
  `type` varchar(90) CHARACTER SET utf8mb4 COLLATE utf8mb4_general_ci NULL DEFAULT NULL COMMENT '操作类型',
  `content` text CHARACTER SET utf8mb4 COLLATE utf8mb4_general_ci NULL COMMENT '操作内容',
  `user_id` varchar(40) CHARACTER SET utf8mb4 COLLATE utf8mb4_general_ci NULL DEFAULT NULL COMMENT '创建人',
  `created` timestamp(0) NOT NULL DEFAULT CURRENT_TIMESTAMP COMMENT '创建时间',
  PRIMARY KEY (`id`) USING BTREE
) ENGINE = InnoDB CHARACTER SET = utf8mb4 COLLATE = utf8mb4_general_ci COMMENT = '日志表' ROW_FORMAT = Dynamic;

-- ----------------------------
-- Records of pp_logs
-- ----------------------------
INSERT INTO `pp_logs` VALUES ('147ef6e6-428c-11ef-a359-80e82cda4197', '账户管理模块', '获取当前登录用户信息', '{\"code\":200,\"message\":\"操作成功\",\"data\":{\"userInfo\":{\"id\":\"f54963d8-15a3-11ef-a15d-d8bbc147c16b\",\"username\":\"admin\",\"password\":\"$2a$10$nEZLtBc7r0Ja/evkiKkRDO1zx4ElB9NeT8DRUhdX5MKli3RBa1fZW\",\"icon\":\"/attach/avatar.jpeg\",\"email\":\"1443528055@qq.com\",\"nickName\":\"perperon\",\"remark\":null,\"userId\":\"f54963d8-15a3-11ef-a15d-d8bbc147c16b\",\"created\":\"2024-05-19 00:00:00\",\"loginTime\":\"2024-07-15 17:02:02\",\"status\":true,\"roles\":\"超级管理员,部门管理\",\"oldPassword\":null,\"newPassword\":null},\"nickName\":\"perperon\",\"roles\":[\"超级管理员\",\"部门管理\"],\"icon\":\"/attach/avatar.jpeg\",\"roleList\":[{\"id\":\"d8705bf2-2d47-11ef-b6ec-80e82cda4197\",\"code\":\"system\",\"name\":\"超级管理员\",\"status\":true,\"created\":\"2024-07-15 11:28:31\",\"userId\":\"f54963d8-15a3-11ef-a15d-d8bbc147c16b\",\"updatedBy\":null,\"updatedTime\":null},{\"id\":\"93ed1de2-2d48-11ef-b6ec-80e82cda4197\",\"code\":\"dept\",\"name\":\"部门管理\",\"status\":true,\"created\":\"2024-07-15 11:28:29\",\"userId\":\"f54963d8-15a3-11ef-a15d-d8bbc147c16b\",\"updatedBy\":null,\"updatedTime\":null}]}}', 'f54963d8-15a3-11ef-a15d-d8bbc147c16b', '2024-07-15 17:24:40');
INSERT INTO `pp_logs` VALUES ('14d003d3-428c-11ef-a359-80e82cda4197', '账户管理模块', '获取当前角色的菜单权限信息', '{\"code\":200,\"message\":\"操作成功\",\"data\":{\"permissions\":[\"ROLE_dept\",\"menu:update\",\"menu:add\",\"product\",\"dictionary\",\"product:category:update\",\"product:category\",\"roles\",\"product:category:add\",\"product:category:delete\",\"dictionary:list\",\"menu:list\",\"menu:delete\"],\"menus\":[{\"id\":\"66434385-2d26-11ef-b6ec-80e82cda4197\",\"menuName\":\"权限管理\",\"perms\":\"roles\",\"component\":\"\",\"icon\":\"auth\",\"path\":\"/role\",\"status\":true,\"menuType\":\"N\",\"parentId\":null,\"level\":1,\"sort\":1,\"userId\":null,\"created\":\"2024-06-18 11:54:01\",\"children\":[{\"id\":\"6dcb89b1-2d26-11ef-b6ec-80e82cda4197\",\"menuName\":\"菜单列表\",\"perms\":\"menu:list\",\"component\":\"/auth/menu/index\",\"icon\":\"menu_list\",\"path\":\"/menu/list\",\"status\":true,\"menuType\":\"C\",\"parentId\":\"66434385-2d26-11ef-b6ec-80e82cda4197\",\"level\":2,\"sort\":1,\"userId\":\"\",\"created\":\"2024-06-18 11:54:14\",\"children\":[]}]},{\"id\":\"bab9f995-2794-11af-960f-80e82cda4198\",\"menuName\":\"商品管理\",\"perms\":\"product\",\"component\":\"\",\"icon\":\"product\",\"path\":\"/product\",\"status\":true,\"menuType\":\"N\",\"parentId\":null,\"level\":1,\"sort\":2,\"userId\":null,\"created\":\"2024-05-20 10:38:55\",\"children\":[{\"id\":\"3d05836f-3d93-11ef-b69f-80e82cda4197\",\"menuName\":\"商品分类\",\"perms\":\"product:category\",\"component\":\"/product/category/index\",\"icon\":\"product_category\",\"path\":\"/product/categoryList\",\"status\":true,\"menuType\":\"C\",\"parentId\":\"bab9f995-2794-11af-960f-80e82cda4198\",\"level\":2,\"sort\":1,\"userId\":null,\"created\":\"2024-07-09 09:33:26\",\"children\":[]}]},{\"id\":\"67e9a508-3841-11ef-90e3-80e82cda4197\",\"menuName\":\"字典管理\",\"perms\":\"dictionary\",\"component\":null,\"icon\":\"dictionary\",\"path\":\"/dictionary\",\"status\":true,\"menuType\":\"N\",\"parentId\":\"\",\"level\":1,\"sort\":4,\"userId\":null,\"created\":\"2024-07-02 15:05:02\",\"children\":[{\"id\":\"aa6282ad-3843-11ef-90e3-80e82cda4197\",\"menuName\":\"字典列表\",\"perms\":\"dictionary:list\",\"component\":\"/dictionary/index\",\"icon\":\"dictionary_list\",\"path\":\"/dictionary/list\",\"status\":true,\"menuType\":\"C\",\"parentId\":\"67e9a508-3841-11ef-90e3-80e82cda4197\",\"level\":2,\"sort\":1,\"userId\":null,\"created\":\"2024-07-02 15:21:12\",\"children\":[]}]}]}}', 'f54963d8-15a3-11ef-a15d-d8bbc147c16b', '2024-07-15 17:24:40');
INSERT INTO `pp_logs` VALUES ('1516dee8-428c-11ef-a359-80e82cda4197', '商品分类模块', '分页查询列表', '{\"code\":200,\"message\":\"操作成功\",\"data\":{\"pageNum\":1,\"pageSize\":2,\"totalPage\":1,\"total\":2,\"list\":[{\"id\":\"403e408a-428a-11ef-a359-80e82cda4197\",\"name\":\"电子产品\",\"icon\":\"tele\",\"status\":true,\"userId\":\"f54963d8-15a3-11ef-a15d-d8bbc147c16b\",\"created\":\"2024-07-15 17:11:34\",\"updatedBy\":null,\"updated\":null,\"userName\":\"perperon\",\"updateName\":null},{\"id\":\"c55fa8a2-425f-11ef-a359-80e82cda4197\",\"name\":\"家具\",\"icon\":\"furniture\",\"status\":true,\"userId\":\"f54963d8-15a3-11ef-a15d-d8bbc147c16b\",\"created\":\"2024-07-15 12:07:37\",\"updatedBy\":null,\"updated\":null,\"userName\":\"perperon\",\"updateName\":null}]}}', 'f54963d8-15a3-11ef-a15d-d8bbc147c16b', '2024-07-15 17:24:41');
INSERT INTO `pp_logs` VALUES ('230b8a79-428c-11ef-a359-80e82cda4197', '账户管理模块', '获取当前登录用户信息', '{\"code\":200,\"message\":\"操作成功\",\"data\":{\"userInfo\":{\"id\":\"f54963d8-15a3-11ef-a15d-d8bbc147c16b\",\"username\":\"admin\",\"password\":\"$2a$10$nEZLtBc7r0Ja/evkiKkRDO1zx4ElB9NeT8DRUhdX5MKli3RBa1fZW\",\"icon\":\"/attach/avatar.jpeg\",\"email\":\"1443528055@qq.com\",\"nickName\":\"perperon\",\"remark\":null,\"userId\":\"f54963d8-15a3-11ef-a15d-d8bbc147c16b\",\"created\":\"2024-05-19 00:00:00\",\"loginTime\":\"2024-07-15 17:02:02\",\"status\":true,\"roles\":\"超级管理员,部门管理\",\"oldPassword\":null,\"newPassword\":null},\"nickName\":\"perperon\",\"roles\":[\"超级管理员\",\"部门管理\"],\"icon\":\"/attach/avatar.jpeg\",\"roleList\":[{\"id\":\"d8705bf2-2d47-11ef-b6ec-80e82cda4197\",\"code\":\"system\",\"name\":\"超级管理员\",\"status\":true,\"created\":\"2024-07-15 11:28:31\",\"userId\":\"f54963d8-15a3-11ef-a15d-d8bbc147c16b\",\"updatedBy\":null,\"updatedTime\":null},{\"id\":\"93ed1de2-2d48-11ef-b6ec-80e82cda4197\",\"code\":\"dept\",\"name\":\"部门管理\",\"status\":true,\"created\":\"2024-07-15 11:28:29\",\"userId\":\"f54963d8-15a3-11ef-a15d-d8bbc147c16b\",\"updatedBy\":null,\"updatedTime\":null}]}}', 'f54963d8-15a3-11ef-a15d-d8bbc147c16b', '2024-07-15 17:25:04');
INSERT INTO `pp_logs` VALUES ('235f8b17-428c-11ef-a359-80e82cda4197', '账户管理模块', '获取当前角色的菜单权限信息', '{\"code\":200,\"message\":\"操作成功\",\"data\":{\"permissions\":[\"ROLE_dept\",\"menu:update\",\"menu:add\",\"product\",\"dictionary\",\"product:category:update\",\"product:category\",\"roles\",\"product:category:add\",\"product:category:delete\",\"dictionary:list\",\"menu:list\",\"menu:delete\"],\"menus\":[{\"id\":\"66434385-2d26-11ef-b6ec-80e82cda4197\",\"menuName\":\"权限管理\",\"perms\":\"roles\",\"component\":\"\",\"icon\":\"auth\",\"path\":\"/role\",\"status\":true,\"menuType\":\"N\",\"parentId\":null,\"level\":1,\"sort\":1,\"userId\":null,\"created\":\"2024-06-18 11:54:01\",\"children\":[{\"id\":\"6dcb89b1-2d26-11ef-b6ec-80e82cda4197\",\"menuName\":\"菜单列表\",\"perms\":\"menu:list\",\"component\":\"/auth/menu/index\",\"icon\":\"menu_list\",\"path\":\"/menu/list\",\"status\":true,\"menuType\":\"C\",\"parentId\":\"66434385-2d26-11ef-b6ec-80e82cda4197\",\"level\":2,\"sort\":1,\"userId\":\"\",\"created\":\"2024-06-18 11:54:14\",\"children\":[]}]},{\"id\":\"bab9f995-2794-11af-960f-80e82cda4198\",\"menuName\":\"商品管理\",\"perms\":\"product\",\"component\":\"\",\"icon\":\"product\",\"path\":\"/product\",\"status\":true,\"menuType\":\"N\",\"parentId\":null,\"level\":1,\"sort\":2,\"userId\":null,\"created\":\"2024-05-20 10:38:55\",\"children\":[{\"id\":\"3d05836f-3d93-11ef-b69f-80e82cda4197\",\"menuName\":\"商品分类\",\"perms\":\"product:category\",\"component\":\"/product/category/index\",\"icon\":\"product_category\",\"path\":\"/product/categoryList\",\"status\":true,\"menuType\":\"C\",\"parentId\":\"bab9f995-2794-11af-960f-80e82cda4198\",\"level\":2,\"sort\":1,\"userId\":null,\"created\":\"2024-07-09 09:33:26\",\"children\":[]}]},{\"id\":\"67e9a508-3841-11ef-90e3-80e82cda4197\",\"menuName\":\"字典管理\",\"perms\":\"dictionary\",\"component\":null,\"icon\":\"dictionary\",\"path\":\"/dictionary\",\"status\":true,\"menuType\":\"N\",\"parentId\":\"\",\"level\":1,\"sort\":4,\"userId\":null,\"created\":\"2024-07-02 15:05:02\",\"children\":[{\"id\":\"aa6282ad-3843-11ef-90e3-80e82cda4197\",\"menuName\":\"字典列表\",\"perms\":\"dictionary:list\",\"component\":\"/dictionary/index\",\"icon\":\"dictionary_list\",\"path\":\"/dictionary/list\",\"status\":true,\"menuType\":\"C\",\"parentId\":\"67e9a508-3841-11ef-90e3-80e82cda4197\",\"level\":2,\"sort\":1,\"userId\":null,\"created\":\"2024-07-02 15:21:12\",\"children\":[]}]}]}}', 'f54963d8-15a3-11ef-a15d-d8bbc147c16b', '2024-07-15 17:25:05');
INSERT INTO `pp_logs` VALUES ('23bec768-428c-11ef-a359-80e82cda4197', '商品分类模块', '分页查询列表', '{\"code\":200,\"message\":\"操作成功\",\"data\":{\"pageNum\":1,\"pageSize\":2,\"totalPage\":1,\"total\":2,\"list\":[{\"id\":\"403e408a-428a-11ef-a359-80e82cda4197\",\"name\":\"电子产品\",\"icon\":\"tele\",\"status\":true,\"userId\":\"f54963d8-15a3-11ef-a15d-d8bbc147c16b\",\"created\":\"2024-07-15 17:11:34\",\"updatedBy\":null,\"updated\":null,\"userName\":\"perperon\",\"updateName\":null},{\"id\":\"c55fa8a2-425f-11ef-a359-80e82cda4197\",\"name\":\"家具\",\"icon\":\"furniture\",\"status\":true,\"userId\":\"f54963d8-15a3-11ef-a15d-d8bbc147c16b\",\"created\":\"2024-07-15 12:07:37\",\"updatedBy\":null,\"updated\":null,\"userName\":\"perperon\",\"updateName\":null}]}}', 'f54963d8-15a3-11ef-a15d-d8bbc147c16b', '2024-07-15 17:25:06');
INSERT INTO `pp_logs` VALUES ('3aa8f9bc-428f-11ef-a359-80e82cda4197', '商品分类模块', '分页查询列表', '{\"code\":200,\"message\":\"操作成功\",\"data\":{\"pageNum\":1,\"pageSize\":2,\"totalPage\":1,\"total\":2,\"list\":[{\"id\":\"403e408a-428a-11ef-a359-80e82cda4197\",\"name\":\"电子产品\",\"icon\":\"tele\",\"status\":true,\"userId\":\"f54963d8-15a3-11ef-a15d-d8bbc147c16b\",\"created\":\"2024-07-15 17:11:34\",\"updatedBy\":null,\"updated\":null,\"userName\":\"perperon\",\"updateName\":null},{\"id\":\"c55fa8a2-425f-11ef-a359-80e82cda4197\",\"name\":\"家具\",\"icon\":\"furniture\",\"status\":true,\"userId\":\"f54963d8-15a3-11ef-a15d-d8bbc147c16b\",\"created\":\"2024-07-15 12:07:37\",\"updatedBy\":null,\"updated\":null,\"userName\":\"perperon\",\"updateName\":null}]}}', 'f54963d8-15a3-11ef-a15d-d8bbc147c16b', '2024-07-15 17:47:12');
INSERT INTO `pp_logs` VALUES ('401bcc83-428d-11ef-a359-80e82cda4197', '商品分类模块', '分页查询列表', '{\"code\":200,\"message\":\"操作成功\",\"data\":{\"pageNum\":1,\"pageSize\":2,\"totalPage\":1,\"total\":2,\"list\":[{\"id\":\"403e408a-428a-11ef-a359-80e82cda4197\",\"name\":\"电子产品\",\"icon\":\"tele\",\"status\":true,\"userId\":\"f54963d8-15a3-11ef-a15d-d8bbc147c16b\",\"created\":\"2024-07-15 17:11:34\",\"updatedBy\":null,\"updated\":null,\"userName\":\"perperon\",\"updateName\":null},{\"id\":\"c55fa8a2-425f-11ef-a359-80e82cda4197\",\"name\":\"家具\",\"icon\":\"furniture\",\"status\":true,\"userId\":\"f54963d8-15a3-11ef-a15d-d8bbc147c16b\",\"created\":\"2024-07-15 12:07:37\",\"updatedBy\":null,\"updated\":null,\"userName\":\"perperon\",\"updateName\":null}]}}', 'f54963d8-15a3-11ef-a15d-d8bbc147c16b', '2024-07-15 17:33:03');
INSERT INTO `pp_logs` VALUES ('40410a33-428a-11ef-a359-80e82cda4197', '商品分类模块', '添加', '{\"code\":200,\"message\":\"操作成功\",\"data\":{\"id\":\"403e408a-428a-11ef-a359-80e82cda4197\",\"name\":\"电子产品\",\"icon\":\"tele\",\"status\":true,\"userId\":\"f54963d8-15a3-11ef-a15d-d8bbc147c16b\",\"created\":null,\"updatedBy\":null,\"updated\":null,\"userName\":null,\"updateName\":null}}', 'f54963d8-15a3-11ef-a15d-d8bbc147c16b', '2024-07-15 17:11:34');
INSERT INTO `pp_logs` VALUES ('405760a7-428a-11ef-a359-80e82cda4197', '商品分类模块', '分页查询列表', '{\"code\":200,\"message\":\"操作成功\",\"data\":{\"pageNum\":1,\"pageSize\":2,\"totalPage\":1,\"total\":2,\"list\":[{\"id\":\"403e408a-428a-11ef-a359-80e82cda4197\",\"name\":\"电子产品\",\"icon\":\"tele\",\"status\":true,\"userId\":\"f54963d8-15a3-11ef-a15d-d8bbc147c16b\",\"created\":\"2024-07-15 17:11:34\",\"updatedBy\":null,\"updated\":null,\"userName\":\"perperon\",\"updateName\":null},{\"id\":\"c55fa8a2-425f-11ef-a359-80e82cda4197\",\"name\":\"家具\",\"icon\":\"furniture\",\"status\":true,\"userId\":\"f54963d8-15a3-11ef-a15d-d8bbc147c16b\",\"created\":\"2024-07-15 12:07:37\",\"updatedBy\":null,\"updated\":null,\"userName\":\"perperon\",\"updateName\":null}]}}', 'f54963d8-15a3-11ef-a15d-d8bbc147c16b', '2024-07-15 17:11:34');
INSERT INTO `pp_logs` VALUES ('442ce9c3-428c-11ef-a359-80e82cda4197', '商品分类模块', '分页查询列表', '{\"code\":200,\"message\":\"操作成功\",\"data\":{\"pageNum\":1,\"pageSize\":2,\"totalPage\":1,\"total\":2,\"list\":[{\"id\":\"403e408a-428a-11ef-a359-80e82cda4197\",\"name\":\"电子产品\",\"icon\":\"tele\",\"status\":true,\"userId\":\"f54963d8-15a3-11ef-a15d-d8bbc147c16b\",\"created\":\"2024-07-15 17:11:34\",\"updatedBy\":null,\"updated\":null,\"userName\":\"perperon\",\"updateName\":null},{\"id\":\"c55fa8a2-425f-11ef-a359-80e82cda4197\",\"name\":\"家具\",\"icon\":\"furniture\",\"status\":true,\"userId\":\"f54963d8-15a3-11ef-a15d-d8bbc147c16b\",\"created\":\"2024-07-15 12:07:37\",\"updatedBy\":null,\"updated\":null,\"userName\":\"perperon\",\"updateName\":null}]}}', 'f54963d8-15a3-11ef-a15d-d8bbc147c16b', '2024-07-15 17:26:00');
INSERT INTO `pp_logs` VALUES ('4db5b5c9-428a-11ef-a359-80e82cda4197', '账户管理模块', '获取当前登录用户信息', '{\"code\":200,\"message\":\"操作成功\",\"data\":{\"userInfo\":{\"id\":\"f54963d8-15a3-11ef-a15d-d8bbc147c16b\",\"username\":\"admin\",\"password\":\"$2a$10$nEZLtBc7r0Ja/evkiKkRDO1zx4ElB9NeT8DRUhdX5MKli3RBa1fZW\",\"icon\":\"/attach/avatar.jpeg\",\"email\":\"1443528055@qq.com\",\"nickName\":\"perperon\",\"remark\":null,\"userId\":\"f54963d8-15a3-11ef-a15d-d8bbc147c16b\",\"created\":\"2024-05-19 00:00:00\",\"loginTime\":\"2024-07-15 17:02:02\",\"status\":true,\"roles\":\"超级管理员,部门管理\",\"oldPassword\":null,\"newPassword\":null},\"nickName\":\"perperon\",\"roles\":[\"超级管理员\",\"部门管理\"],\"icon\":\"/attach/avatar.jpeg\",\"roleList\":[{\"id\":\"d8705bf2-2d47-11ef-b6ec-80e82cda4197\",\"code\":\"system\",\"name\":\"超级管理员\",\"status\":true,\"created\":\"2024-07-15 11:28:31\",\"userId\":\"f54963d8-15a3-11ef-a15d-d8bbc147c16b\",\"updatedBy\":null,\"updatedTime\":null},{\"id\":\"93ed1de2-2d48-11ef-b6ec-80e82cda4197\",\"code\":\"dept\",\"name\":\"部门管理\",\"status\":true,\"created\":\"2024-07-15 11:28:29\",\"userId\":\"f54963d8-15a3-11ef-a15d-d8bbc147c16b\",\"updatedBy\":null,\"updatedTime\":null}]}}', 'f54963d8-15a3-11ef-a15d-d8bbc147c16b', '2024-07-15 17:11:57');
INSERT INTO `pp_logs` VALUES ('4e045e96-428a-11ef-a359-80e82cda4197', '账户管理模块', '获取当前角色的菜单权限信息', '{\"code\":200,\"message\":\"操作成功\",\"data\":{\"permissions\":[\"ROLE_dept\",\"menu:update\",\"menu:add\",\"product\",\"dictionary\",\"product:category:update\",\"product:category\",\"roles\",\"product:category:add\",\"product:category:delete\",\"dictionary:list\",\"menu:list\",\"menu:delete\"],\"menus\":[{\"id\":\"66434385-2d26-11ef-b6ec-80e82cda4197\",\"menuName\":\"权限管理\",\"perms\":\"roles\",\"component\":\"\",\"icon\":\"auth\",\"path\":\"/role\",\"status\":true,\"menuType\":\"N\",\"parentId\":null,\"level\":1,\"sort\":1,\"userId\":null,\"created\":\"2024-06-18 11:54:01\",\"children\":[{\"id\":\"6dcb89b1-2d26-11ef-b6ec-80e82cda4197\",\"menuName\":\"菜单列表\",\"perms\":\"menu:list\",\"component\":\"/auth/menu/index\",\"icon\":\"menu_list\",\"path\":\"/menu/list\",\"status\":true,\"menuType\":\"C\",\"parentId\":\"66434385-2d26-11ef-b6ec-80e82cda4197\",\"level\":2,\"sort\":1,\"userId\":\"\",\"created\":\"2024-06-18 11:54:14\",\"children\":[]}]},{\"id\":\"bab9f995-2794-11af-960f-80e82cda4198\",\"menuName\":\"商品管理\",\"perms\":\"product\",\"component\":\"\",\"icon\":\"product\",\"path\":\"/product\",\"status\":true,\"menuType\":\"N\",\"parentId\":null,\"level\":1,\"sort\":2,\"userId\":null,\"created\":\"2024-05-20 10:38:55\",\"children\":[{\"id\":\"3d05836f-3d93-11ef-b69f-80e82cda4197\",\"menuName\":\"商品分类\",\"perms\":\"product:category\",\"component\":\"/product/category/index\",\"icon\":\"product_category\",\"path\":\"/product/categoryList\",\"status\":true,\"menuType\":\"C\",\"parentId\":\"bab9f995-2794-11af-960f-80e82cda4198\",\"level\":2,\"sort\":1,\"userId\":null,\"created\":\"2024-07-09 09:33:26\",\"children\":[]}]},{\"id\":\"67e9a508-3841-11ef-90e3-80e82cda4197\",\"menuName\":\"字典管理\",\"perms\":\"dictionary\",\"component\":null,\"icon\":\"dictionary\",\"path\":\"/dictionary\",\"status\":true,\"menuType\":\"N\",\"parentId\":\"\",\"level\":1,\"sort\":4,\"userId\":null,\"created\":\"2024-07-02 15:05:02\",\"children\":[{\"id\":\"aa6282ad-3843-11ef-90e3-80e82cda4197\",\"menuName\":\"字典列表\",\"perms\":\"dictionary:list\",\"component\":\"/dictionary/index\",\"icon\":\"dictionary_list\",\"path\":\"/dictionary/list\",\"status\":true,\"menuType\":\"C\",\"parentId\":\"67e9a508-3841-11ef-90e3-80e82cda4197\",\"level\":2,\"sort\":1,\"userId\":null,\"created\":\"2024-07-02 15:21:12\",\"children\":[]}]}]}}', 'f54963d8-15a3-11ef-a15d-d8bbc147c16b', '2024-07-15 17:11:57');
INSERT INTO `pp_logs` VALUES ('4e3bef51-428a-11ef-a359-80e82cda4197', '商品分类模块', '分页查询列表', '{\"code\":200,\"message\":\"操作成功\",\"data\":{\"pageNum\":1,\"pageSize\":2,\"totalPage\":1,\"total\":2,\"list\":[{\"id\":\"403e408a-428a-11ef-a359-80e82cda4197\",\"name\":\"电子产品\",\"icon\":\"tele\",\"status\":true,\"userId\":\"f54963d8-15a3-11ef-a15d-d8bbc147c16b\",\"created\":\"2024-07-15 17:11:34\",\"updatedBy\":null,\"updated\":null,\"userName\":\"perperon\",\"updateName\":null},{\"id\":\"c55fa8a2-425f-11ef-a359-80e82cda4197\",\"name\":\"家具\",\"icon\":\"furniture\",\"status\":true,\"userId\":\"f54963d8-15a3-11ef-a15d-d8bbc147c16b\",\"created\":\"2024-07-15 12:07:37\",\"updatedBy\":null,\"updated\":null,\"userName\":\"perperon\",\"updateName\":null}]}}', 'f54963d8-15a3-11ef-a15d-d8bbc147c16b', '2024-07-15 17:11:58');
INSERT INTO `pp_logs` VALUES ('51e97636-428f-11ef-a359-80e82cda4197', '商品分类模块', '分页查询列表', '{\"code\":200,\"message\":\"操作成功\",\"data\":{\"pageNum\":1,\"pageSize\":2,\"totalPage\":1,\"total\":2,\"list\":[{\"id\":\"403e408a-428a-11ef-a359-80e82cda4197\",\"name\":\"电子产品\",\"icon\":\"tele\",\"status\":true,\"userId\":\"f54963d8-15a3-11ef-a15d-d8bbc147c16b\",\"created\":\"2024-07-15 17:11:34\",\"updatedBy\":null,\"updated\":null,\"userName\":\"perperon\",\"updateName\":null},{\"id\":\"c55fa8a2-425f-11ef-a359-80e82cda4197\",\"name\":\"家具\",\"icon\":\"furniture\",\"status\":true,\"userId\":\"f54963d8-15a3-11ef-a15d-d8bbc147c16b\",\"created\":\"2024-07-15 12:07:37\",\"updatedBy\":null,\"updated\":null,\"userName\":\"perperon\",\"updateName\":null}]}}', 'f54963d8-15a3-11ef-a15d-d8bbc147c16b', '2024-07-15 17:47:51');
INSERT INTO `pp_logs` VALUES ('54889b92-428e-11ef-a359-80e82cda4197', '商品分类模块', '分页查询列表', '{\"code\":200,\"message\":\"操作成功\",\"data\":{\"pageNum\":1,\"pageSize\":2,\"totalPage\":1,\"total\":2,\"list\":[{\"id\":\"403e408a-428a-11ef-a359-80e82cda4197\",\"name\":\"电子产品\",\"icon\":\"tele\",\"status\":true,\"userId\":\"f54963d8-15a3-11ef-a15d-d8bbc147c16b\",\"created\":\"2024-07-15 17:11:34\",\"updatedBy\":null,\"updated\":null,\"userName\":\"perperon\",\"updateName\":null},{\"id\":\"c55fa8a2-425f-11ef-a359-80e82cda4197\",\"name\":\"家具\",\"icon\":\"furniture\",\"status\":true,\"userId\":\"f54963d8-15a3-11ef-a15d-d8bbc147c16b\",\"created\":\"2024-07-15 12:07:37\",\"updatedBy\":null,\"updated\":null,\"userName\":\"perperon\",\"updateName\":null}]}}', 'f54963d8-15a3-11ef-a15d-d8bbc147c16b', '2024-07-15 17:40:46');
INSERT INTO `pp_logs` VALUES ('60661214-428e-11ef-a359-80e82cda4197', '商品分类模块', '分页查询列表', '{\"code\":200,\"message\":\"操作成功\",\"data\":{\"pageNum\":1,\"pageSize\":2,\"totalPage\":1,\"total\":2,\"list\":[{\"id\":\"403e408a-428a-11ef-a359-80e82cda4197\",\"name\":\"电子产品\",\"icon\":\"tele\",\"status\":true,\"userId\":\"f54963d8-15a3-11ef-a15d-d8bbc147c16b\",\"created\":\"2024-07-15 17:11:34\",\"updatedBy\":null,\"updated\":null,\"userName\":\"perperon\",\"updateName\":null},{\"id\":\"c55fa8a2-425f-11ef-a359-80e82cda4197\",\"name\":\"家具\",\"icon\":\"furniture\",\"status\":true,\"userId\":\"f54963d8-15a3-11ef-a15d-d8bbc147c16b\",\"created\":\"2024-07-15 12:07:37\",\"updatedBy\":null,\"updated\":null,\"userName\":\"perperon\",\"updateName\":null}]}}', 'f54963d8-15a3-11ef-a15d-d8bbc147c16b', '2024-07-15 17:41:06');
INSERT INTO `pp_logs` VALUES ('7a5dc465-4289-11ef-a359-80e82cda4197', '商品分类模块', '分页查询列表', '{\"code\":200,\"message\":\"操作成功\",\"data\":{\"pageNum\":1,\"pageSize\":1,\"totalPage\":1,\"total\":1,\"list\":[{\"id\":\"c55fa8a2-425f-11ef-a359-80e82cda4197\",\"name\":\"家具\",\"icon\":\"furniture\",\"status\":true,\"userId\":\"f54963d8-15a3-11ef-a15d-d8bbc147c16b\",\"created\":\"2024-07-15 12:07:37\",\"updatedBy\":null,\"updated\":null,\"userName\":\"perperon\",\"updateName\":null}]}}', 'f54963d8-15a3-11ef-a15d-d8bbc147c16b', '2024-07-15 17:06:02');
INSERT INTO `pp_logs` VALUES ('81476d5a-428c-11ef-a359-80e82cda4197', '商品分类模块', '分页查询列表', '{\"code\":200,\"message\":\"操作成功\",\"data\":{\"pageNum\":1,\"pageSize\":2,\"totalPage\":1,\"total\":2,\"list\":[{\"id\":\"403e408a-428a-11ef-a359-80e82cda4197\",\"name\":\"电子产品\",\"icon\":\"tele\",\"status\":true,\"userId\":\"f54963d8-15a3-11ef-a15d-d8bbc147c16b\",\"created\":\"2024-07-15 17:11:34\",\"updatedBy\":null,\"updated\":null,\"userName\":\"perperon\",\"updateName\":null},{\"id\":\"c55fa8a2-425f-11ef-a359-80e82cda4197\",\"name\":\"家具\",\"icon\":\"furniture\",\"status\":true,\"userId\":\"f54963d8-15a3-11ef-a15d-d8bbc147c16b\",\"created\":\"2024-07-15 12:07:37\",\"updatedBy\":null,\"updated\":null,\"userName\":\"perperon\",\"updateName\":null}]}}', 'f54963d8-15a3-11ef-a15d-d8bbc147c16b', '2024-07-15 17:27:42');
INSERT INTO `pp_logs` VALUES ('cc016240-428e-11ef-a359-80e82cda4197', '商品分类模块', '分页查询列表', '{\"code\":200,\"message\":\"操作成功\",\"data\":{\"pageNum\":1,\"pageSize\":2,\"totalPage\":1,\"total\":2,\"list\":[{\"id\":\"403e408a-428a-11ef-a359-80e82cda4197\",\"name\":\"电子产品\",\"icon\":\"tele\",\"status\":true,\"userId\":\"f54963d8-15a3-11ef-a15d-d8bbc147c16b\",\"created\":\"2024-07-15 17:11:34\",\"updatedBy\":null,\"updated\":null,\"userName\":\"perperon\",\"updateName\":null},{\"id\":\"c55fa8a2-425f-11ef-a359-80e82cda4197\",\"name\":\"家具\",\"icon\":\"furniture\",\"status\":true,\"userId\":\"f54963d8-15a3-11ef-a15d-d8bbc147c16b\",\"created\":\"2024-07-15 12:07:37\",\"updatedBy\":null,\"updated\":null,\"userName\":\"perperon\",\"updateName\":null}]}}', 'f54963d8-15a3-11ef-a15d-d8bbc147c16b', '2024-07-15 17:44:07');
INSERT INTO `pp_logs` VALUES ('cc783995-428d-11ef-a359-80e82cda4197', '商品分类模块', '分页查询列表', '{\"code\":200,\"message\":\"操作成功\",\"data\":{\"pageNum\":1,\"pageSize\":2,\"totalPage\":1,\"total\":2,\"list\":[{\"id\":\"403e408a-428a-11ef-a359-80e82cda4197\",\"name\":\"电子产品\",\"icon\":\"tele\",\"status\":true,\"userId\":\"f54963d8-15a3-11ef-a15d-d8bbc147c16b\",\"created\":\"2024-07-15 17:11:34\",\"updatedBy\":null,\"updated\":null,\"userName\":\"perperon\",\"updateName\":null},{\"id\":\"c55fa8a2-425f-11ef-a359-80e82cda4197\",\"name\":\"家具\",\"icon\":\"furniture\",\"status\":true,\"userId\":\"f54963d8-15a3-11ef-a15d-d8bbc147c16b\",\"created\":\"2024-07-15 12:07:37\",\"updatedBy\":null,\"updated\":null,\"userName\":\"perperon\",\"updateName\":null}]}}', 'f54963d8-15a3-11ef-a15d-d8bbc147c16b', '2024-07-15 17:36:58');
INSERT INTO `pp_logs` VALUES ('cfc66410-428c-11ef-a359-80e82cda4197', '商品分类模块', '分页查询列表', '{\"code\":200,\"message\":\"操作成功\",\"data\":{\"pageNum\":1,\"pageSize\":2,\"totalPage\":1,\"total\":2,\"list\":[{\"id\":\"403e408a-428a-11ef-a359-80e82cda4197\",\"name\":\"电子产品\",\"icon\":\"tele\",\"status\":true,\"userId\":\"f54963d8-15a3-11ef-a15d-d8bbc147c16b\",\"created\":\"2024-07-15 17:11:34\",\"updatedBy\":null,\"updated\":null,\"userName\":\"perperon\",\"updateName\":null},{\"id\":\"c55fa8a2-425f-11ef-a359-80e82cda4197\",\"name\":\"家具\",\"icon\":\"furniture\",\"status\":true,\"userId\":\"f54963d8-15a3-11ef-a15d-d8bbc147c16b\",\"created\":\"2024-07-15 12:07:37\",\"updatedBy\":null,\"updated\":null,\"userName\":\"perperon\",\"updateName\":null}]}}', 'f54963d8-15a3-11ef-a15d-d8bbc147c16b', '2024-07-15 17:29:54');
INSERT INTO `pp_logs` VALUES ('d3c1c44b-428c-11ef-a359-80e82cda4197', '商品分类模块', '分页查询列表', '{\"code\":200,\"message\":\"操作成功\",\"data\":{\"pageNum\":1,\"pageSize\":2,\"totalPage\":1,\"total\":2,\"list\":[{\"id\":\"403e408a-428a-11ef-a359-80e82cda4197\",\"name\":\"电子产品\",\"icon\":\"tele\",\"status\":true,\"userId\":\"f54963d8-15a3-11ef-a15d-d8bbc147c16b\",\"created\":\"2024-07-15 17:11:34\",\"updatedBy\":null,\"updated\":null,\"userName\":\"perperon\",\"updateName\":null},{\"id\":\"c55fa8a2-425f-11ef-a359-80e82cda4197\",\"name\":\"家具\",\"icon\":\"furniture\",\"status\":true,\"userId\":\"f54963d8-15a3-11ef-a15d-d8bbc147c16b\",\"created\":\"2024-07-15 12:07:37\",\"updatedBy\":null,\"updated\":null,\"userName\":\"perperon\",\"updateName\":null}]}}', 'f54963d8-15a3-11ef-a15d-d8bbc147c16b', '2024-07-15 17:30:01');
INSERT INTO `pp_logs` VALUES ('e3753dd0-428c-11ef-a359-80e82cda4197', '商品分类模块', '分页查询列表', '{\"code\":200,\"message\":\"操作成功\",\"data\":{\"pageNum\":1,\"pageSize\":2,\"totalPage\":1,\"total\":2,\"list\":[{\"id\":\"403e408a-428a-11ef-a359-80e82cda4197\",\"name\":\"电子产品\",\"icon\":\"tele\",\"status\":true,\"userId\":\"f54963d8-15a3-11ef-a15d-d8bbc147c16b\",\"created\":\"2024-07-15 17:11:34\",\"updatedBy\":null,\"updated\":null,\"userName\":\"perperon\",\"updateName\":null},{\"id\":\"c55fa8a2-425f-11ef-a359-80e82cda4197\",\"name\":\"家具\",\"icon\":\"furniture\",\"status\":true,\"userId\":\"f54963d8-15a3-11ef-a15d-d8bbc147c16b\",\"created\":\"2024-07-15 12:07:37\",\"updatedBy\":null,\"updated\":null,\"userName\":\"perperon\",\"updateName\":null}]}}', 'f54963d8-15a3-11ef-a15d-d8bbc147c16b', '2024-07-15 17:30:27');
INSERT INTO `pp_logs` VALUES ('eb512f40-4288-11ef-a359-80e82cda4197', '账户管理模块', '登录', '{\"code\":200,\"message\":\"登录成功！\",\"data\":{\"token\":\"Bearer eyJhbGciOiJIUzUxMiJ9.eyJzdWIiOiJhZG1pbiIsImNyZWF0ZWQiOjE3MjEwMzQxMjI4MzAsImV4cCI6MTcyMTYzODkyMn0.3W-FqpSHxoE6ARvrz4R3-Bh4TbH26RZhA9ktTrCyo5VhiFeI68xmKoinRqtKKZGEiqfIVvv2HFEQszbCUtrEZQ\"}}', NULL, '2024-07-15 17:02:02');
INSERT INTO `pp_logs` VALUES ('eb79a00b-4288-11ef-a359-80e82cda4197', '账户管理模块', '获取当前登录用户信息', '{\"code\":200,\"message\":\"操作成功\",\"data\":{\"userInfo\":{\"id\":\"f54963d8-15a3-11ef-a15d-d8bbc147c16b\",\"username\":\"admin\",\"password\":\"$2a$10$nEZLtBc7r0Ja/evkiKkRDO1zx4ElB9NeT8DRUhdX5MKli3RBa1fZW\",\"icon\":\"/attach/avatar.jpeg\",\"email\":\"1443528055@qq.com\",\"nickName\":\"perperon\",\"remark\":null,\"userId\":\"f54963d8-15a3-11ef-a15d-d8bbc147c16b\",\"created\":\"2024-05-19 00:00:00\",\"loginTime\":\"2024-07-15 17:02:02\",\"status\":true,\"roles\":\"超级管理员,部门管理\",\"oldPassword\":null,\"newPassword\":null},\"nickName\":\"perperon\",\"roles\":[\"超级管理员\",\"部门管理\"],\"icon\":\"/attach/avatar.jpeg\",\"roleList\":[{\"id\":\"d8705bf2-2d47-11ef-b6ec-80e82cda4197\",\"code\":\"system\",\"name\":\"超级管理员\",\"status\":true,\"created\":\"2024-07-15 11:28:31\",\"userId\":\"f54963d8-15a3-11ef-a15d-d8bbc147c16b\",\"updatedBy\":null,\"updatedTime\":null},{\"id\":\"93ed1de2-2d48-11ef-b6ec-80e82cda4197\",\"code\":\"dept\",\"name\":\"部门管理\",\"status\":true,\"created\":\"2024-07-15 11:28:29\",\"userId\":\"f54963d8-15a3-11ef-a15d-d8bbc147c16b\",\"updatedBy\":null,\"updatedTime\":null}]}}', 'f54963d8-15a3-11ef-a15d-d8bbc147c16b', '2024-07-15 17:02:03');
INSERT INTO `pp_logs` VALUES ('eb89be69-4288-11ef-a359-80e82cda4197', '账户管理模块', '获取当前角色的菜单权限信息', '{\"code\":200,\"message\":\"操作成功\",\"data\":{\"permissions\":[\"ROLE_dept\",\"menu:update\",\"menu:add\",\"product\",\"dictionary\",\"product:category:update\",\"product:category\",\"roles\",\"product:category:add\",\"product:category:delete\",\"dictionary:list\",\"menu:list\",\"menu:delete\"],\"menus\":[{\"id\":\"66434385-2d26-11ef-b6ec-80e82cda4197\",\"menuName\":\"权限管理\",\"perms\":\"roles\",\"component\":\"\",\"icon\":\"auth\",\"path\":\"/role\",\"status\":true,\"menuType\":\"N\",\"parentId\":null,\"level\":1,\"sort\":1,\"userId\":null,\"created\":\"2024-06-18 11:54:01\",\"children\":[{\"id\":\"6dcb89b1-2d26-11ef-b6ec-80e82cda4197\",\"menuName\":\"菜单列表\",\"perms\":\"menu:list\",\"component\":\"/auth/menu/index\",\"icon\":\"menu_list\",\"path\":\"/menu/list\",\"status\":true,\"menuType\":\"C\",\"parentId\":\"66434385-2d26-11ef-b6ec-80e82cda4197\",\"level\":2,\"sort\":1,\"userId\":\"\",\"created\":\"2024-06-18 11:54:14\",\"children\":[]}]},{\"id\":\"bab9f995-2794-11af-960f-80e82cda4198\",\"menuName\":\"商品管理\",\"perms\":\"product\",\"component\":\"\",\"icon\":\"product\",\"path\":\"/product\",\"status\":true,\"menuType\":\"N\",\"parentId\":null,\"level\":1,\"sort\":2,\"userId\":null,\"created\":\"2024-05-20 10:38:55\",\"children\":[{\"id\":\"3d05836f-3d93-11ef-b69f-80e82cda4197\",\"menuName\":\"商品分类\",\"perms\":\"product:category\",\"component\":\"/product/category/index\",\"icon\":\"product_category\",\"path\":\"/product/categoryList\",\"status\":true,\"menuType\":\"C\",\"parentId\":\"bab9f995-2794-11af-960f-80e82cda4198\",\"level\":2,\"sort\":1,\"userId\":null,\"created\":\"2024-07-09 09:33:26\",\"children\":[]}]},{\"id\":\"67e9a508-3841-11ef-90e3-80e82cda4197\",\"menuName\":\"字典管理\",\"perms\":\"dictionary\",\"component\":null,\"icon\":\"dictionary\",\"path\":\"/dictionary\",\"status\":true,\"menuType\":\"N\",\"parentId\":\"\",\"level\":1,\"sort\":4,\"userId\":null,\"created\":\"2024-07-02 15:05:02\",\"children\":[{\"id\":\"aa6282ad-3843-11ef-90e3-80e82cda4197\",\"menuName\":\"字典列表\",\"perms\":\"dictionary:list\",\"component\":\"/dictionary/index\",\"icon\":\"dictionary_list\",\"path\":\"/dictionary/list\",\"status\":true,\"menuType\":\"C\",\"parentId\":\"67e9a508-3841-11ef-90e3-80e82cda4197\",\"level\":2,\"sort\":1,\"userId\":null,\"created\":\"2024-07-02 15:21:12\",\"children\":[]}]}]}}', 'f54963d8-15a3-11ef-a15d-d8bbc147c16b', '2024-07-15 17:02:03');
INSERT INTO `pp_logs` VALUES ('edebe2e2-4288-11ef-a359-80e82cda4197', '菜单管理模块', '树形结构返回所有菜单列表', '{\"code\":200,\"message\":\"操作成功\",\"data\":[{\"id\":\"66434385-2d26-11ef-b6ec-80e82cda4197\",\"menuName\":\"权限管理\",\"perms\":\"roles\",\"component\":\"\",\"icon\":\"auth\",\"path\":\"/role\",\"status\":true,\"menuType\":\"N\",\"parentId\":null,\"level\":1,\"sort\":1,\"userId\":null,\"created\":\"2024-06-18 11:54:01\",\"children\":[{\"id\":\"6dcb89b1-2d26-11ef-b6ec-80e82cda4197\",\"menuName\":\"菜单列表\",\"perms\":\"menu:list\",\"component\":\"/auth/menu/index\",\"icon\":\"menu_list\",\"path\":\"/menu/list\",\"status\":true,\"menuType\":\"C\",\"parentId\":\"66434385-2d26-11ef-b6ec-80e82cda4197\",\"level\":2,\"sort\":1,\"userId\":\"\",\"created\":\"2024-06-18 11:54:14\",\"children\":[{\"id\":\"368bfe0d-3914-11ef-87cf-80e82cda4197\",\"menuName\":\"菜单添加\",\"perms\":\"menu:add\",\"component\":\"\",\"icon\":\"add\",\"path\":\"\",\"status\":true,\"menuType\":\"F\",\"parentId\":\"6dcb89b1-2d26-11ef-b6ec-80e82cda4197\",\"level\":3,\"sort\":1,\"userId\":null,\"created\":\"2024-07-03 16:14:02\",\"children\":[]},{\"id\":\"1111ce79-39a3-11ef-a774-80e82cda4197\",\"menuName\":\"菜单修改\",\"perms\":\"menu:update\",\"component\":\"\",\"icon\":\"update\",\"path\":\"\",\"status\":true,\"menuType\":\"F\",\"parentId\":\"6dcb89b1-2d26-11ef-b6ec-80e82cda4197\",\"level\":3,\"sort\":2,\"userId\":null,\"created\":\"2024-07-04 09:16:40\",\"children\":[]},{\"id\":\"f5b9b6e3-39b8-11ef-a774-80e82cda4197\",\"menuName\":\"菜单删除\",\"perms\":\"menu:delete\",\"component\":\"\",\"icon\":\"delete\",\"path\":\"\",\"status\":true,\"menuType\":\"F\",\"parentId\":\"6dcb89b1-2d26-11ef-b6ec-80e82cda4197\",\"level\":3,\"sort\":3,\"userId\":null,\"created\":\"2024-07-04 11:53:23\",\"children\":[]}]},{\"id\":\"b1e4fb5c-2d42-11ef-b6ec-80e82cda4197\",\"menuName\":\"角色列表\",\"perms\":\"role:list\",\"component\":\"/auth/role/index\",\"icon\":\"role_list\",\"path\":\"/role/list\",\"status\":true,\"menuType\":\"C\",\"parentId\":\"66434385-2d26-11ef-b6ec-80e82cda4197\",\"level\":2,\"sort\":2,\"userId\":\"\",\"created\":\"2024-06-18 11:54:14\",\"children\":[{\"id\":\"863a2f1f-39b9-11ef-a774-80e82cda4197\",\"menuName\":\"角色增加\",\"perms\":\"role:add\",\"component\":\"\",\"icon\":\"add\",\"path\":\"\",\"status\":true,\"menuType\":\"F\",\"parentId\":\"b1e4fb5c-2d42-11ef-b6ec-80e82cda4197\",\"level\":3,\"sort\":1,\"userId\":null,\"created\":\"2024-07-04 11:57:25\",\"children\":[]},{\"id\":\"0db5e793-39ce-11ef-a774-80e82cda4197\",\"menuName\":\"角色修改\",\"perms\":\"role:update\",\"component\":\"\",\"icon\":\"edit\",\"path\":\"\",\"status\":true,\"menuType\":\"F\",\"parentId\":\"b1e4fb5c-2d42-11ef-b6ec-80e82cda4197\",\"level\":3,\"sort\":2,\"userId\":null,\"created\":\"2024-07-04 14:24:21\",\"children\":[]},{\"id\":\"2fe8c39a-39ce-11ef-a774-80e82cda4197\",\"menuName\":\"角色删除\",\"perms\":\"role:delete\",\"component\":\"\",\"icon\":\"delete\",\"path\":\"\",\"status\":true,\"menuType\":\"F\",\"parentId\":\"b1e4fb5c-2d42-11ef-b6ec-80e82cda4197\",\"level\":3,\"sort\":3,\"userId\":null,\"created\":\"2024-07-04 14:25:18\",\"children\":[]}]}]},{\"id\":\"bab9f995-2794-11af-960f-80e82cda4198\",\"menuName\":\"商品管理\",\"perms\":\"product\",\"component\":\"\",\"icon\":\"product\",\"path\":\"/product\",\"status\":true,\"menuType\":\"N\",\"parentId\":null,\"level\":1,\"sort\":2,\"userId\":null,\"created\":\"2024-05-20 10:38:55\",\"children\":[{\"id\":\"3d05836f-3d93-11ef-b69f-80e82cda4197\",\"menuName\":\"商品分类\",\"perms\":\"product:category\",\"component\":\"/product/category/index\",\"icon\":\"product_category\",\"path\":\"/product/categoryList\",\"status\":true,\"menuType\":\"C\",\"parentId\":\"bab9f995-2794-11af-960f-80e82cda4198\",\"level\":2,\"sort\":1,\"userId\":null,\"created\":\"2024-07-09 09:33:26\",\"children\":[{\"id\":\"cd15a936-425a-11ef-a359-80e82cda4197\",\"menuName\":\"商品分类添加\",\"perms\":\"product:category:add\",\"component\":\"\",\"icon\":\"add\",\"path\":\"\",\"status\":true,\"menuType\":\"F\",\"parentId\":\"3d05836f-3d93-11ef-b69f-80e82cda4197\",\"level\":3,\"sort\":1,\"userId\":\"f54963d8-15a3-11ef-a15d-d8bbc147c16b\",\"created\":\"2024-07-15 11:32:02\",\"children\":[]},{\"id\":\"f810c920-425a-11ef-a359-80e82cda4197\",\"menuName\":\"商品分类修改\",\"perms\":\"product:category:update\",\"component\":\"\",\"icon\":\"edit\",\"path\":\"\",\"status\":true,\"menuType\":\"F\",\"parentId\":\"3d05836f-3d93-11ef-b69f-80e82cda4197\",\"level\":3,\"sort\":2,\"userId\":\"f54963d8-15a3-11ef-a15d-d8bbc147c16b\",\"created\":\"2024-07-15 11:33:14\",\"children\":[]},{\"id\":\"0ef743d3-425b-11ef-a359-80e82cda4197\",\"menuName\":\"商品分类删除\",\"perms\":\"product:category:delete\",\"component\":\"\",\"icon\":\"delete\",\"path\":\"\",\"status\":true,\"menuType\":\"F\",\"parentId\":\"3d05836f-3d93-11ef-b69f-80e82cda4197\",\"level\":3,\"sort\":3,\"userId\":\"f54963d8-15a3-11ef-a15d-d8bbc147c16b\",\"created\":\"2024-07-15 11:33:53\",\"children\":[]}]},{\"id\":\"bab9f995-2794-11ef-920f-80e82cda4198\",\"menuName\":\"商品列表\",\"perms\":\"puduct:list\",\"component\":\"/product/index\",\"icon\":\"product_list\",\"path\":\"/product/list\",\"status\":true,\"menuType\":\"C\",\"parentId\":\"bab9f995-2794-11af-960f-80e82cda4198\",\"level\":2,\"sort\":2,\"userId\":null,\"created\":\"2024-06-03 22:25:50\",\"children\":[]}]},{\"id\":\"bab9f995-2794-11ef-920f-80e82cda4197\",\"menuName\":\"用户管理\",\"perms\":\"account\",\"component\":\"\",\"icon\":\"user\",\"path\":\"/account\",\"status\":true,\"menuType\":\"N\",\"parentId\":null,\"level\":1,\"sort\":3,\"userId\":null,\"created\":\"2024-06-11 09:48:32\",\"children\":[{\"id\":\"c59a854a-2794-11ef-920f-80e82cda4197\",\"menuName\":\"用户列表\",\"perms\":\"account:list\",\"component\":\"/account/index\",\"icon\":\"user_list\",\"path\":\"/account/list\",\"status\":true,\"menuType\":\"C\",\"parentId\":\"bab9f995-2794-11ef-920f-80e82cda4197\",\"level\":2,\"sort\":1,\"userId\":\"\",\"created\":\"2024-06-11 09:48:50\",\"children\":[{\"id\":\"6582716e-39ce-11ef-a774-80e82cda4197\",\"menuName\":\"用户添加\",\"perms\":\"account:add\",\"component\":\"\",\"icon\":\"add\",\"path\":\"\",\"status\":true,\"menuType\":\"F\",\"parentId\":\"c59a854a-2794-11ef-920f-80e82cda4197\",\"level\":3,\"sort\":1,\"userId\":null,\"created\":\"2024-07-04 14:26:48\",\"children\":[]},{\"id\":\"7daaab22-39ce-11ef-a774-80e82cda4197\",\"menuName\":\"用户修改\",\"perms\":\"account:update\",\"component\":\"\",\"icon\":\"edit\",\"path\":\"\",\"status\":true,\"menuType\":\"F\",\"parentId\":\"c59a854a-2794-11ef-920f-80e82cda4197\",\"level\":3,\"sort\":2,\"userId\":null,\"created\":\"2024-07-04 14:27:28\",\"children\":[]},{\"id\":\"90a03fac-39ce-11ef-a774-80e82cda4197\",\"menuName\":\"用户删除\",\"perms\":\"account:delete\",\"component\":\"\",\"icon\":\"delete\",\"path\":\"\",\"status\":true,\"menuType\":\"F\",\"parentId\":\"c59a854a-2794-11ef-920f-80e82cda4197\",\"level\":3,\"sort\":3,\"userId\":null,\"created\":\"2024-07-04 14:28:00\",\"children\":[]}]}]},{\"id\":\"67e9a508-3841-11ef-90e3-80e82cda4197\",\"menuName\":\"字典管理\",\"perms\":\"dictionary\",\"component\":null,\"icon\":\"dictionary\",\"path\":\"/dictionary\",\"status\":true,\"menuType\":\"N\",\"parentId\":\"\",\"level\":1,\"sort\":4,\"userId\":null,\"created\":\"2024-07-02 15:05:02\",\"children\":[{\"id\":\"aa6282ad-3843-11ef-90e3-80e82cda4197\",\"menuName\":\"字典列表\",\"perms\":\"dictionary:list\",\"component\":\"/dictionary/index\",\"icon\":\"dictionary_list\",\"path\":\"/dictionary/list\",\"status\":true,\"menuType\":\"C\",\"parentId\":\"67e9a508-3841-11ef-90e3-80e82cda4197\",\"level\":2,\"sort\":1,\"userId\":null,\"created\":\"2024-07-02 15:21:12\",\"children\":[]}]}]}', 'f54963d8-15a3-11ef-a15d-d8bbc147c16b', '2024-07-15 17:02:07');
INSERT INTO `pp_logs` VALUES ('eece5d2c-428d-11ef-a359-80e82cda4197', '商品分类模块', '分页查询列表', '{\"code\":200,\"message\":\"操作成功\",\"data\":{\"pageNum\":1,\"pageSize\":2,\"totalPage\":1,\"total\":2,\"list\":[{\"id\":\"403e408a-428a-11ef-a359-80e82cda4197\",\"name\":\"电子产品\",\"icon\":\"tele\",\"status\":true,\"userId\":\"f54963d8-15a3-11ef-a15d-d8bbc147c16b\",\"created\":\"2024-07-15 17:11:34\",\"updatedBy\":null,\"updated\":null,\"userName\":\"perperon\",\"updateName\":null},{\"id\":\"c55fa8a2-425f-11ef-a359-80e82cda4197\",\"name\":\"家具\",\"icon\":\"furniture\",\"status\":true,\"userId\":\"f54963d8-15a3-11ef-a15d-d8bbc147c16b\",\"created\":\"2024-07-15 12:07:37\",\"updatedBy\":null,\"updated\":null,\"userName\":\"perperon\",\"updateName\":null}]}}', 'f54963d8-15a3-11ef-a15d-d8bbc147c16b', '2024-07-15 17:37:56');
INSERT INTO `pp_logs` VALUES ('f768a72a-428b-11ef-a359-80e82cda4197', '账户管理模块', '获取当前登录用户信息', '{\"code\":200,\"message\":\"操作成功\",\"data\":{\"userInfo\":{\"id\":\"f54963d8-15a3-11ef-a15d-d8bbc147c16b\",\"username\":\"admin\",\"password\":\"$2a$10$nEZLtBc7r0Ja/evkiKkRDO1zx4ElB9NeT8DRUhdX5MKli3RBa1fZW\",\"icon\":\"/attach/avatar.jpeg\",\"email\":\"1443528055@qq.com\",\"nickName\":\"perperon\",\"remark\":null,\"userId\":\"f54963d8-15a3-11ef-a15d-d8bbc147c16b\",\"created\":\"2024-05-19 00:00:00\",\"loginTime\":\"2024-07-15 17:02:02\",\"status\":true,\"roles\":\"超级管理员,部门管理\",\"oldPassword\":null,\"newPassword\":null},\"nickName\":\"perperon\",\"roles\":[\"超级管理员\",\"部门管理\"],\"icon\":\"/attach/avatar.jpeg\",\"roleList\":[{\"id\":\"d8705bf2-2d47-11ef-b6ec-80e82cda4197\",\"code\":\"system\",\"name\":\"超级管理员\",\"status\":true,\"created\":\"2024-07-15 11:28:31\",\"userId\":\"f54963d8-15a3-11ef-a15d-d8bbc147c16b\",\"updatedBy\":null,\"updatedTime\":null},{\"id\":\"93ed1de2-2d48-11ef-b6ec-80e82cda4197\",\"code\":\"dept\",\"name\":\"部门管理\",\"status\":true,\"created\":\"2024-07-15 11:28:29\",\"userId\":\"f54963d8-15a3-11ef-a15d-d8bbc147c16b\",\"updatedBy\":null,\"updatedTime\":null}]}}', 'f54963d8-15a3-11ef-a15d-d8bbc147c16b', '2024-07-15 17:23:51');
INSERT INTO `pp_logs` VALUES ('f7ba2d69-428b-11ef-a359-80e82cda4197', '账户管理模块', '获取当前角色的菜单权限信息', '{\"code\":200,\"message\":\"操作成功\",\"data\":{\"permissions\":[\"ROLE_dept\",\"menu:update\",\"menu:add\",\"product\",\"dictionary\",\"product:category:update\",\"product:category\",\"roles\",\"product:category:add\",\"product:category:delete\",\"dictionary:list\",\"menu:list\",\"menu:delete\"],\"menus\":[{\"id\":\"66434385-2d26-11ef-b6ec-80e82cda4197\",\"menuName\":\"权限管理\",\"perms\":\"roles\",\"component\":\"\",\"icon\":\"auth\",\"path\":\"/role\",\"status\":true,\"menuType\":\"N\",\"parentId\":null,\"level\":1,\"sort\":1,\"userId\":null,\"created\":\"2024-06-18 11:54:01\",\"children\":[{\"id\":\"6dcb89b1-2d26-11ef-b6ec-80e82cda4197\",\"menuName\":\"菜单列表\",\"perms\":\"menu:list\",\"component\":\"/auth/menu/index\",\"icon\":\"menu_list\",\"path\":\"/menu/list\",\"status\":true,\"menuType\":\"C\",\"parentId\":\"66434385-2d26-11ef-b6ec-80e82cda4197\",\"level\":2,\"sort\":1,\"userId\":\"\",\"created\":\"2024-06-18 11:54:14\",\"children\":[]}]},{\"id\":\"bab9f995-2794-11af-960f-80e82cda4198\",\"menuName\":\"商品管理\",\"perms\":\"product\",\"component\":\"\",\"icon\":\"product\",\"path\":\"/product\",\"status\":true,\"menuType\":\"N\",\"parentId\":null,\"level\":1,\"sort\":2,\"userId\":null,\"created\":\"2024-05-20 10:38:55\",\"children\":[{\"id\":\"3d05836f-3d93-11ef-b69f-80e82cda4197\",\"menuName\":\"商品分类\",\"perms\":\"product:category\",\"component\":\"/product/category/index\",\"icon\":\"product_category\",\"path\":\"/product/categoryList\",\"status\":true,\"menuType\":\"C\",\"parentId\":\"bab9f995-2794-11af-960f-80e82cda4198\",\"level\":2,\"sort\":1,\"userId\":null,\"created\":\"2024-07-09 09:33:26\",\"children\":[]}]},{\"id\":\"67e9a508-3841-11ef-90e3-80e82cda4197\",\"menuName\":\"字典管理\",\"perms\":\"dictionary\",\"component\":null,\"icon\":\"dictionary\",\"path\":\"/dictionary\",\"status\":true,\"menuType\":\"N\",\"parentId\":\"\",\"level\":1,\"sort\":4,\"userId\":null,\"created\":\"2024-07-02 15:05:02\",\"children\":[{\"id\":\"aa6282ad-3843-11ef-90e3-80e82cda4197\",\"menuName\":\"字典列表\",\"perms\":\"dictionary:list\",\"component\":\"/dictionary/index\",\"icon\":\"dictionary_list\",\"path\":\"/dictionary/list\",\"status\":true,\"menuType\":\"C\",\"parentId\":\"67e9a508-3841-11ef-90e3-80e82cda4197\",\"level\":2,\"sort\":1,\"userId\":null,\"created\":\"2024-07-02 15:21:12\",\"children\":[]}]}]}}', 'f54963d8-15a3-11ef-a15d-d8bbc147c16b', '2024-07-15 17:23:52');
INSERT INTO `pp_logs` VALUES ('f835eb2b-428b-11ef-a359-80e82cda4197', '商品分类模块', '分页查询列表', '{\"code\":200,\"message\":\"操作成功\",\"data\":{\"pageNum\":1,\"pageSize\":2,\"totalPage\":1,\"total\":2,\"list\":[{\"id\":\"403e408a-428a-11ef-a359-80e82cda4197\",\"name\":\"电子产品\",\"icon\":\"tele\",\"status\":true,\"userId\":\"f54963d8-15a3-11ef-a15d-d8bbc147c16b\",\"created\":\"2024-07-15 17:11:34\",\"updatedBy\":null,\"updated\":null,\"userName\":\"perperon\",\"updateName\":null},{\"id\":\"c55fa8a2-425f-11ef-a359-80e82cda4197\",\"name\":\"家具\",\"icon\":\"furniture\",\"status\":true,\"userId\":\"f54963d8-15a3-11ef-a15d-d8bbc147c16b\",\"created\":\"2024-07-15 12:07:37\",\"updatedBy\":null,\"updated\":null,\"userName\":\"perperon\",\"updateName\":null}]}}', 'f54963d8-15a3-11ef-a15d-d8bbc147c16b', '2024-07-15 17:23:52');

-- ----------------------------
-- Table structure for pp_menu
-- ----------------------------
DROP TABLE IF EXISTS `pp_menu`;
CREATE TABLE `pp_menu`  (
  `id` varchar(40) CHARACTER SET utf8mb4 COLLATE utf8mb4_general_ci NOT NULL COMMENT '主键标识',
  `menu_name` varchar(50) CHARACTER SET utf8mb4 COLLATE utf8mb4_general_ci NULL DEFAULT NULL COMMENT '菜单名称',
  `perms` varchar(50) CHARACTER SET utf8mb4 COLLATE utf8mb4_general_ci NULL DEFAULT NULL COMMENT '权限标识;',
  `component` varchar(50) CHARACTER SET utf8mb4 COLLATE utf8mb4_general_ci NULL DEFAULT NULL COMMENT '组件路径;',
  `icon` varchar(50) CHARACTER SET utf8mb4 COLLATE utf8mb4_general_ci NULL DEFAULT NULL COMMENT '菜单图标;',
  `path` varchar(50) CHARACTER SET utf8mb4 COLLATE utf8mb4_general_ci NULL DEFAULT NULL COMMENT '菜单路径;',
  `status` bit(1) NULL DEFAULT NULL COMMENT '菜单状态;',
  `menu_type` char(1) CHARACTER SET utf8mb4 COLLATE utf8mb4_general_ci NULL DEFAULT NULL COMMENT '是否显示;',
  `parent_id` varchar(40) CHARACTER SET utf8mb4 COLLATE utf8mb4_general_ci NULL DEFAULT NULL COMMENT '上级菜单标识;',
  `created` timestamp(0) NOT NULL DEFAULT CURRENT_TIMESTAMP COMMENT '创建时间',
  `user_id` varchar(40) CHARACTER SET utf8mb4 COLLATE utf8mb4_general_ci NULL DEFAULT NULL COMMENT '创建人',
  `level` int(11) NULL DEFAULT NULL COMMENT '菜单等级',
  `sort` int(11) NULL DEFAULT NULL COMMENT '排序',
  PRIMARY KEY (`id`) USING BTREE
) ENGINE = InnoDB CHARACTER SET = utf8mb4 COLLATE = utf8mb4_general_ci COMMENT = '菜单表' ROW_FORMAT = Dynamic;

-- ----------------------------
-- Records of pp_menu
-- ----------------------------
INSERT INTO `pp_menu` VALUES ('0db5e793-39ce-11ef-a774-80e82cda4197', '角色修改', 'role:update', '', 'edit', '', b'1', 'F', 'b1e4fb5c-2d42-11ef-b6ec-80e82cda4197', '2024-07-04 14:24:21', NULL, 3, 2);
INSERT INTO `pp_menu` VALUES ('0ef743d3-425b-11ef-a359-80e82cda4197', '商品分类删除', 'product:category:delete', '', 'delete', '', b'1', 'F', '3d05836f-3d93-11ef-b69f-80e82cda4197', '2024-07-15 11:33:53', 'f54963d8-15a3-11ef-a15d-d8bbc147c16b', 3, 3);
INSERT INTO `pp_menu` VALUES ('1111ce79-39a3-11ef-a774-80e82cda4197', '菜单修改', 'menu:update', '', 'update', '', b'1', 'F', '6dcb89b1-2d26-11ef-b6ec-80e82cda4197', '2024-07-04 09:16:40', NULL, 3, 2);
INSERT INTO `pp_menu` VALUES ('2fe8c39a-39ce-11ef-a774-80e82cda4197', '角色删除', 'role:delete', '', 'delete', '', b'1', 'F', 'b1e4fb5c-2d42-11ef-b6ec-80e82cda4197', '2024-07-04 14:25:18', NULL, 3, 3);
INSERT INTO `pp_menu` VALUES ('368bfe0d-3914-11ef-87cf-80e82cda4197', '菜单添加', 'menu:add', '', 'add', '', b'1', 'F', '6dcb89b1-2d26-11ef-b6ec-80e82cda4197', '2024-07-03 16:14:02', NULL, 3, 1);
INSERT INTO `pp_menu` VALUES ('3d05836f-3d93-11ef-b69f-80e82cda4197', '商品分类', 'product:category', '/product/category/index', 'product_category', '/product/categoryList', b'1', 'C', 'bab9f995-2794-11af-960f-80e82cda4198', '2024-07-09 09:33:26', NULL, 2, 1);
INSERT INTO `pp_menu` VALUES ('6582716e-39ce-11ef-a774-80e82cda4197', '用户添加', 'account:add', '', 'add', '', b'1', 'F', 'c59a854a-2794-11ef-920f-80e82cda4197', '2024-07-04 14:26:48', NULL, 3, 1);
INSERT INTO `pp_menu` VALUES ('66434385-2d26-11ef-b6ec-80e82cda4197', '权限管理', 'roles', '', 'auth', '/role', b'1', 'N', NULL, '2024-06-18 11:54:01', NULL, 1, 1);
INSERT INTO `pp_menu` VALUES ('67e9a508-3841-11ef-90e3-80e82cda4197', '字典管理', 'dictionary', NULL, 'dictionary', '/dictionary', b'1', 'N', '', '2024-07-02 15:05:02', NULL, 1, 4);
INSERT INTO `pp_menu` VALUES ('6dcb89b1-2d26-11ef-b6ec-80e82cda4197', '菜单列表', 'menu:list', '/auth/menu/index', 'menu_list', '/menu/list', b'1', 'C', '66434385-2d26-11ef-b6ec-80e82cda4197', '2024-06-18 11:54:14', '', 2, 1);
INSERT INTO `pp_menu` VALUES ('7daaab22-39ce-11ef-a774-80e82cda4197', '用户修改', 'account:update', '', 'edit', '', b'1', 'F', 'c59a854a-2794-11ef-920f-80e82cda4197', '2024-07-04 14:27:28', NULL, 3, 2);
INSERT INTO `pp_menu` VALUES ('863a2f1f-39b9-11ef-a774-80e82cda4197', '角色增加', 'role:add', '', 'add', '', b'1', 'F', 'b1e4fb5c-2d42-11ef-b6ec-80e82cda4197', '2024-07-04 11:57:25', NULL, 3, 1);
INSERT INTO `pp_menu` VALUES ('90a03fac-39ce-11ef-a774-80e82cda4197', '用户删除', 'account:delete', '', 'delete', '', b'1', 'F', 'c59a854a-2794-11ef-920f-80e82cda4197', '2024-07-04 14:28:00', NULL, 3, 3);
INSERT INTO `pp_menu` VALUES ('aa6282ad-3843-11ef-90e3-80e82cda4197', '字典列表', 'dictionary:list', '/dictionary/index', 'dictionary_list', '/dictionary/list', b'1', 'C', '67e9a508-3841-11ef-90e3-80e82cda4197', '2024-07-02 15:21:12', NULL, 2, 1);
INSERT INTO `pp_menu` VALUES ('b1e4fb5c-2d42-11ef-b6ec-80e82cda4197', '角色列表', 'role:list', '/auth/role/index', 'role_list', '/role/list', b'1', 'C', '66434385-2d26-11ef-b6ec-80e82cda4197', '2024-06-18 11:54:14', '', 2, 2);
INSERT INTO `pp_menu` VALUES ('bab9f995-2794-11af-960f-80e82cda4198', '商品管理', 'product', '', 'product', '/product', b'1', 'N', NULL, '2024-05-20 10:38:55', NULL, 1, 2);
INSERT INTO `pp_menu` VALUES ('bab9f995-2794-11ef-920f-80e82cda4197', '用户管理', 'account', '', 'user', '/account', b'1', 'N', NULL, '2024-06-11 09:48:32', NULL, 1, 3);
INSERT INTO `pp_menu` VALUES ('bab9f995-2794-11ef-920f-80e82cda4198', '商品列表', 'puduct:list', '/product/index', 'product_list', '/product/list', b'1', 'C', 'bab9f995-2794-11af-960f-80e82cda4198', '2024-06-03 22:25:50', NULL, 2, 2);
INSERT INTO `pp_menu` VALUES ('c59a854a-2794-11ef-920f-80e82cda4197', '用户列表', 'account:list', '/account/index', 'user_list', '/account/list', b'1', 'C', 'bab9f995-2794-11ef-920f-80e82cda4197', '2024-06-11 09:48:50', '', 2, 1);
INSERT INTO `pp_menu` VALUES ('cd15a936-425a-11ef-a359-80e82cda4197', '商品分类添加', 'product:category:add', '', 'add', '', b'1', 'F', '3d05836f-3d93-11ef-b69f-80e82cda4197', '2024-07-15 11:32:02', 'f54963d8-15a3-11ef-a15d-d8bbc147c16b', 3, 1);
INSERT INTO `pp_menu` VALUES ('f5b9b6e3-39b8-11ef-a774-80e82cda4197', '菜单删除', 'menu:delete', '', 'delete', '', b'1', 'F', '6dcb89b1-2d26-11ef-b6ec-80e82cda4197', '2024-07-04 11:53:23', NULL, 3, 3);
INSERT INTO `pp_menu` VALUES ('f810c920-425a-11ef-a359-80e82cda4197', '商品分类修改', 'product:category:update', '', 'edit', '', b'1', 'F', '3d05836f-3d93-11ef-b69f-80e82cda4197', '2024-07-15 11:33:14', 'f54963d8-15a3-11ef-a15d-d8bbc147c16b', 3, 2);

-- ----------------------------
-- Table structure for pp_product
-- ----------------------------
DROP TABLE IF EXISTS `pp_product`;
CREATE TABLE `pp_product`  (
  `id` varchar(40) CHARACTER SET utf8mb4 COLLATE utf8mb4_general_ci NOT NULL COMMENT '主键标识',
  `name` varchar(90) CHARACTER SET utf8mb4 COLLATE utf8mb4_general_ci NULL DEFAULT NULL COMMENT '名称',
  `category_id` varchar(40) CHARACTER SET utf8mb4 COLLATE utf8mb4_general_ci NULL DEFAULT NULL COMMENT '商品类型',
  `status` bit(1) NULL DEFAULT NULL COMMENT '状态',
  `user_id` varchar(40) CHARACTER SET utf8mb4 COLLATE utf8mb4_general_ci NULL DEFAULT NULL COMMENT '创建人',
  `created` timestamp(0) NOT NULL DEFAULT CURRENT_TIMESTAMP COMMENT '创建时间',
  `update_by` varchar(40) CHARACTER SET utf8mb4 COLLATE utf8mb4_general_ci NULL DEFAULT NULL COMMENT '更新人',
  `update` datetime(0) NULL DEFAULT NULL COMMENT '更新时间',
  PRIMARY KEY (`id`) USING BTREE
) ENGINE = InnoDB CHARACTER SET = utf8mb4 COLLATE = utf8mb4_general_ci COMMENT = '商品表' ROW_FORMAT = Dynamic;

-- ----------------------------
-- Table structure for pp_product_category
-- ----------------------------
DROP TABLE IF EXISTS `pp_product_category`;
CREATE TABLE `pp_product_category`  (
  `id` varchar(40) CHARACTER SET utf8mb4 COLLATE utf8mb4_general_ci NOT NULL COMMENT '主键标识',
  `name` varchar(90) CHARACTER SET utf8mb4 COLLATE utf8mb4_general_ci NULL DEFAULT NULL COMMENT '商品分类名称',
  `icon` varchar(32) CHARACTER SET utf8mb4 COLLATE utf8mb4_general_ci NULL DEFAULT NULL COMMENT '分类标识;',
  `p_id` varchar(40) CHARACTER SET utf8mb4 COLLATE utf8mb4_general_ci NULL DEFAULT NULL COMMENT '父级标识;',
  `level` int(11) NULL DEFAULT NULL COMMENT '商品等级;',
  `status` bit(1) NULL DEFAULT NULL COMMENT '状态',
  `user_id` varchar(40) CHARACTER SET utf8mb4 COLLATE utf8mb4_general_ci NULL DEFAULT NULL COMMENT '创建人',
  `created` timestamp(0) NOT NULL DEFAULT CURRENT_TIMESTAMP COMMENT '创建时间',
  `updated_by` varchar(40) CHARACTER SET utf8mb4 COLLATE utf8mb4_general_ci NULL DEFAULT NULL COMMENT '更新人',
  `updated` datetime(0) NULL DEFAULT NULL COMMENT '更新时间',
  PRIMARY KEY (`id`) USING BTREE
) ENGINE = InnoDB CHARACTER SET = utf8mb4 COLLATE = utf8mb4_general_ci COMMENT = '商品分类表' ROW_FORMAT = Dynamic;

-- ----------------------------
-- Records of pp_product_category
-- ----------------------------
INSERT INTO `pp_product_category` VALUES ('403e408a-428a-11ef-a359-80e82cda4197', '电子产品', 'tele', NULL, NULL, b'1', 'f54963d8-15a3-11ef-a15d-d8bbc147c16b', '2024-07-15 17:11:34', NULL, NULL);
INSERT INTO `pp_product_category` VALUES ('c55fa8a2-425f-11ef-a359-80e82cda4197', '家具', 'furniture', NULL, NULL, b'1', 'f54963d8-15a3-11ef-a15d-d8bbc147c16b', '2024-07-15 12:07:37', NULL, NULL);

-- ----------------------------
-- Table structure for pp_role_menu
-- ----------------------------
DROP TABLE IF EXISTS `pp_role_menu`;
CREATE TABLE `pp_role_menu`  (
  `id` varchar(40) CHARACTER SET utf8mb4 COLLATE utf8mb4_general_ci NOT NULL COMMENT '主键标识',
  `role_id` varchar(40) CHARACTER SET utf8mb4 COLLATE utf8mb4_general_ci NOT NULL COMMENT '角色标识',
  `menu_id` varchar(40) CHARACTER SET utf8mb4 COLLATE utf8mb4_general_ci NOT NULL COMMENT '权限标识',
  `created` timestamp(0) NOT NULL DEFAULT CURRENT_TIMESTAMP COMMENT '创建时间',
  `user_id` varchar(40) CHARACTER SET utf8mb4 COLLATE utf8mb4_general_ci NULL DEFAULT NULL COMMENT '创建人',
  PRIMARY KEY (`id`) USING BTREE
) ENGINE = InnoDB CHARACTER SET = utf8mb4 COLLATE = utf8mb4_general_ci COMMENT = '角色权限表' ROW_FORMAT = Dynamic;

-- ----------------------------
-- Records of pp_role_menu
-- ----------------------------
INSERT INTO `pp_role_menu` VALUES ('5e65deb2-425d-11ef-a359-80e82cda4197', '93ed1de2-2d48-11ef-b6ec-80e82cda4197', '66434385-2d26-11ef-b6ec-80e82cda4197', '2024-07-15 11:50:25', 'f54963d8-15a3-11ef-a15d-d8bbc147c16b');
INSERT INTO `pp_role_menu` VALUES ('5e65e12d-425d-11ef-a359-80e82cda4197', '93ed1de2-2d48-11ef-b6ec-80e82cda4197', '6dcb89b1-2d26-11ef-b6ec-80e82cda4197', '2024-07-15 11:50:25', 'f54963d8-15a3-11ef-a15d-d8bbc147c16b');
INSERT INTO `pp_role_menu` VALUES ('5e65e176-425d-11ef-a359-80e82cda4197', '93ed1de2-2d48-11ef-b6ec-80e82cda4197', '368bfe0d-3914-11ef-87cf-80e82cda4197', '2024-07-15 11:50:25', 'f54963d8-15a3-11ef-a15d-d8bbc147c16b');
INSERT INTO `pp_role_menu` VALUES ('5e65e1b6-425d-11ef-a359-80e82cda4197', '93ed1de2-2d48-11ef-b6ec-80e82cda4197', '1111ce79-39a3-11ef-a774-80e82cda4197', '2024-07-15 11:50:25', 'f54963d8-15a3-11ef-a15d-d8bbc147c16b');
INSERT INTO `pp_role_menu` VALUES ('5e65e1ea-425d-11ef-a359-80e82cda4197', '93ed1de2-2d48-11ef-b6ec-80e82cda4197', 'f5b9b6e3-39b8-11ef-a774-80e82cda4197', '2024-07-15 11:50:25', 'f54963d8-15a3-11ef-a15d-d8bbc147c16b');
INSERT INTO `pp_role_menu` VALUES ('5e65e223-425d-11ef-a359-80e82cda4197', '93ed1de2-2d48-11ef-b6ec-80e82cda4197', 'bab9f995-2794-11af-960f-80e82cda4198', '2024-07-15 11:50:25', 'f54963d8-15a3-11ef-a15d-d8bbc147c16b');
INSERT INTO `pp_role_menu` VALUES ('5e65e254-425d-11ef-a359-80e82cda4197', '93ed1de2-2d48-11ef-b6ec-80e82cda4197', '3d05836f-3d93-11ef-b69f-80e82cda4197', '2024-07-15 11:50:25', 'f54963d8-15a3-11ef-a15d-d8bbc147c16b');
INSERT INTO `pp_role_menu` VALUES ('5e65e28a-425d-11ef-a359-80e82cda4197', '93ed1de2-2d48-11ef-b6ec-80e82cda4197', 'cd15a936-425a-11ef-a359-80e82cda4197', '2024-07-15 11:50:25', 'f54963d8-15a3-11ef-a15d-d8bbc147c16b');
INSERT INTO `pp_role_menu` VALUES ('5e65e2ba-425d-11ef-a359-80e82cda4197', '93ed1de2-2d48-11ef-b6ec-80e82cda4197', 'f810c920-425a-11ef-a359-80e82cda4197', '2024-07-15 11:50:25', 'f54963d8-15a3-11ef-a15d-d8bbc147c16b');
INSERT INTO `pp_role_menu` VALUES ('5e65e2e7-425d-11ef-a359-80e82cda4197', '93ed1de2-2d48-11ef-b6ec-80e82cda4197', '0ef743d3-425b-11ef-a359-80e82cda4197', '2024-07-15 11:50:25', 'f54963d8-15a3-11ef-a15d-d8bbc147c16b');
INSERT INTO `pp_role_menu` VALUES ('5e65e313-425d-11ef-a359-80e82cda4197', '93ed1de2-2d48-11ef-b6ec-80e82cda4197', '67e9a508-3841-11ef-90e3-80e82cda4197', '2024-07-15 11:50:25', 'f54963d8-15a3-11ef-a15d-d8bbc147c16b');
INSERT INTO `pp_role_menu` VALUES ('5e65e33e-425d-11ef-a359-80e82cda4197', '93ed1de2-2d48-11ef-b6ec-80e82cda4197', 'aa6282ad-3843-11ef-90e3-80e82cda4197', '2024-07-15 11:50:25', 'f54963d8-15a3-11ef-a15d-d8bbc147c16b');
INSERT INTO `pp_role_menu` VALUES ('f4b35da4-3a9c-11ef-830c-80e82cda4197', 'd8705bf2-2d47-11ef-b6ec-80e82cda4197', '66434385-2d26-11ef-b6ec-80e82cda4197', '2024-07-05 15:05:24', NULL);
INSERT INTO `pp_role_menu` VALUES ('f4b361d7-3a9c-11ef-830c-80e82cda4197', 'd8705bf2-2d47-11ef-b6ec-80e82cda4197', '6dcb89b1-2d26-11ef-b6ec-80e82cda4197', '2024-07-05 15:05:24', NULL);
INSERT INTO `pp_role_menu` VALUES ('f4b3624a-3a9c-11ef-830c-80e82cda4197', 'd8705bf2-2d47-11ef-b6ec-80e82cda4197', '368bfe0d-3914-11ef-87cf-80e82cda4197', '2024-07-05 15:05:24', NULL);
INSERT INTO `pp_role_menu` VALUES ('f4b36286-3a9c-11ef-830c-80e82cda4197', 'd8705bf2-2d47-11ef-b6ec-80e82cda4197', '1111ce79-39a3-11ef-a774-80e82cda4197', '2024-07-05 15:05:24', NULL);
INSERT INTO `pp_role_menu` VALUES ('f4b362c2-3a9c-11ef-830c-80e82cda4197', 'd8705bf2-2d47-11ef-b6ec-80e82cda4197', 'f5b9b6e3-39b8-11ef-a774-80e82cda4197', '2024-07-05 15:05:24', NULL);
INSERT INTO `pp_role_menu` VALUES ('f4b362fe-3a9c-11ef-830c-80e82cda4197', 'd8705bf2-2d47-11ef-b6ec-80e82cda4197', 'b1e4fb5c-2d42-11ef-b6ec-80e82cda4197', '2024-07-05 15:05:24', NULL);
INSERT INTO `pp_role_menu` VALUES ('f4b36332-3a9c-11ef-830c-80e82cda4197', 'd8705bf2-2d47-11ef-b6ec-80e82cda4197', '863a2f1f-39b9-11ef-a774-80e82cda4197', '2024-07-05 15:05:24', NULL);
INSERT INTO `pp_role_menu` VALUES ('f4b3636d-3a9c-11ef-830c-80e82cda4197', 'd8705bf2-2d47-11ef-b6ec-80e82cda4197', '0db5e793-39ce-11ef-a774-80e82cda4197', '2024-07-05 15:05:24', NULL);
INSERT INTO `pp_role_menu` VALUES ('f4b3639f-3a9c-11ef-830c-80e82cda4197', 'd8705bf2-2d47-11ef-b6ec-80e82cda4197', '2fe8c39a-39ce-11ef-a774-80e82cda4197', '2024-07-05 15:05:24', NULL);
INSERT INTO `pp_role_menu` VALUES ('f4b363f3-3a9c-11ef-830c-80e82cda4197', 'd8705bf2-2d47-11ef-b6ec-80e82cda4197', 'bab9f995-2794-11ef-920f-80e82cda4197', '2024-07-05 15:05:24', NULL);
INSERT INTO `pp_role_menu` VALUES ('f4b36428-3a9c-11ef-830c-80e82cda4197', 'd8705bf2-2d47-11ef-b6ec-80e82cda4197', 'c59a854a-2794-11ef-920f-80e82cda4197', '2024-07-05 15:05:24', NULL);
INSERT INTO `pp_role_menu` VALUES ('f4b36459-3a9c-11ef-830c-80e82cda4197', 'd8705bf2-2d47-11ef-b6ec-80e82cda4197', '6582716e-39ce-11ef-a774-80e82cda4197', '2024-07-05 15:05:24', NULL);
INSERT INTO `pp_role_menu` VALUES ('f4b3648a-3a9c-11ef-830c-80e82cda4197', 'd8705bf2-2d47-11ef-b6ec-80e82cda4197', '7daaab22-39ce-11ef-a774-80e82cda4197', '2024-07-05 15:05:24', NULL);
INSERT INTO `pp_role_menu` VALUES ('f4b364ba-3a9c-11ef-830c-80e82cda4197', 'd8705bf2-2d47-11ef-b6ec-80e82cda4197', '90a03fac-39ce-11ef-a774-80e82cda4197', '2024-07-05 15:05:24', NULL);

-- ----------------------------
-- Table structure for pp_roles
-- ----------------------------
DROP TABLE IF EXISTS `pp_roles`;
CREATE TABLE `pp_roles`  (
  `id` varchar(40) CHARACTER SET utf8mb4 COLLATE utf8mb4_general_ci NOT NULL COMMENT '唯一编号',
  `code` varchar(50) CHARACTER SET utf8mb4 COLLATE utf8mb4_general_ci NOT NULL COMMENT '编号',
  `name` varchar(50) CHARACTER SET utf8mb4 COLLATE utf8mb4_general_ci NOT NULL COMMENT '名字',
  `status` bit(1) NULL DEFAULT NULL COMMENT '状态',
  `created` timestamp(0) NOT NULL DEFAULT CURRENT_TIMESTAMP ON UPDATE CURRENT_TIMESTAMP(0) COMMENT '创建时间',
  `user_id` varchar(40) CHARACTER SET utf8mb4 COLLATE utf8mb4_general_ci NULL DEFAULT NULL COMMENT '创建人',
  `updated_by` varchar(40) CHARACTER SET utf8mb4 COLLATE utf8mb4_general_ci NULL DEFAULT NULL COMMENT '更新人',
  `updated_time` datetime(0) NULL DEFAULT NULL COMMENT '更新时间',
  PRIMARY KEY (`id`) USING BTREE
) ENGINE = InnoDB CHARACTER SET = utf8mb4 COLLATE = utf8mb4_general_ci COMMENT = '角色表' ROW_FORMAT = Dynamic;

-- ----------------------------
-- Records of pp_roles
-- ----------------------------
INSERT INTO `pp_roles` VALUES ('93ed1de2-2d48-11ef-b6ec-80e82cda4197', 'dept', '部门管理', b'1', '2024-07-15 11:28:29', 'f54963d8-15a3-11ef-a15d-d8bbc147c16b', 'f54963d8-15a3-11ef-a15d-d8bbc147c16b', '2024-07-15 11:29:40');
INSERT INTO `pp_roles` VALUES ('d8705bf2-2d47-11ef-b6ec-80e82cda4197', 'system', '超级管理员', b'1', '2024-07-15 11:28:31', 'f54963d8-15a3-11ef-a15d-d8bbc147c16b', 'f54963d8-15a3-11ef-a15d-d8bbc147c16b', NULL);

SET FOREIGN_KEY_CHECKS = 1;
